{"temperature": 133.7, "density": "3.61039647045e+13", "error": "0.0541536605934", "center_2": 1.2, "center_3": 4.2, "center_1": -0.25, "center_4": 7}